Berwick,Adams
Butler,Adams
Conewago,Adams
Cumberland,Adams
Franklin,Adams
Freedom,Adams
Germany,Adams
Hamilton,Adams
Hamiltonban,Adams
Highland,Adams
Huntington,Adams
Latimore,Adams
Liberty,Adams
Menallen,Adams
Mount Joy,Adams
Mount Pleasant,Adams
Oxford,Adams
Reading,Adams
Straban,Adams
Tyrone,Adams
Union,Adams
Aleppo,Allegheny
Baldwin,Allegheny
Collier,Allegheny
Crescent,Allegheny
East Deer,Allegheny
Elizabeth,Allegheny
Fawn,Allegheny
Findlay,Allegheny
Forward,Allegheny
Frazer,Allegheny
Hampton,Allegheny
Harmar,Allegheny
Harrison,Allegheny
Indiana,Allegheny
Kennedy,Allegheny
Kilbuck,Allegheny
Leet,Allegheny
Marshall,Allegheny
McCandless,Allegheny
Moon,Allegheny
Mt. Lebanon,Allegheny
Neville,Allegheny
North Fayette,Allegheny
North Versailles,Allegheny
O'Hara,Allegheny
Ohio,Allegheny
Penn Hills,Allegheny
Pine,Allegheny
Reserve,Allegheny
Richland,Allegheny
Robinson,Allegheny
Ross,Allegheny
Scott,Allegheny
Shaler,Allegheny
South Fayette,Allegheny
South Park,Allegheny
South Versailles,Allegheny
Springdale,Allegheny
Stowe,Allegheny
Upper St. Clair,Allegheny
West Deer,Allegheny
Wilkins,Allegheny
Bethel,Armstrong
Boggs,Armstrong
Bradys Bend,Armstrong
Burrell,Armstrong
Cadogan,Armstrong
Cowanshannock,Armstrong
East Franklin,Armstrong
Gilpin,Armstrong
Hovey,Armstrong
Kiskiminetas,Armstrong
Kittanning,Armstrong
Madison,Armstrong
Mahoning,Armstrong
Manor,Armstrong
North Buffalo,Armstrong
Parks,Armstrong
Perry,Armstrong
Pine,Armstrong
Plumcreek,Armstrong
Rayburn,Armstrong
Redbank,Armstrong
South Bend,Armstrong
South Buffalo,Armstrong
Sugarcreek,Armstrong
Valley,Armstrong
Washington,Armstrong
Wayne,Armstrong
West Franklin,Armstrong
Brighton,Beaver
Center,Beaver
Chippewa,Beaver
Darlington,Beaver
Daugherty,Beaver
Franklin,Beaver
Greene,Beaver
Hanover,Beaver
Harmony,Beaver
Hopewell,Beaver
Independence,Beaver
Marion,Beaver
New Sewickley,Beaver
North Sewickley,Beaver
Patterson,Beaver
Potter,Beaver
Pulaski,Beaver
Raccoon,Beaver
Rochester,Beaver
South Beaver,Beaver
Vanport,Beaver
White,Beaver
Bedford,Bedford
Bloomfield,Bedford
Broad Top,Bedford
Colerain,Bedford
Cumberland Valley,Bedford
East Providence,Bedford
East St. Clair,Bedford
Harrison,Bedford
Hopewell,Bedford
Juniata,Bedford
Kimmel,Bedford
King,Bedford
Liberty,Bedford
Lincoln,Bedford
Londonderry,Bedford
Mann,Bedford
Monroe,Bedford
Napier,Bedford
Pavia,Bedford
Snake Spring,Bedford
South Woodbury,Bedford
Southampton,Bedford
West Providence,Bedford
West St. Clair,Bedford
Woodbury,Bedford
Albany,Berks
Alsace,Berks
Amity,Berks
Bern,Berks
Bethel,Berks
Brecknock,Berks
Caernarvon,Berks
Centre,Berks
Colebrookdale,Berks
Cumru,Berks
District,Berks
Douglass,Berks
Earl,Berks
Exeter,Berks
Greenwich,Berks
Heidelberg,Berks
Hereford,Berks
Jefferson,Berks
Longswamp,Berks
Lower Alsace,Berks
Lower Heidelberg,Berks
Maidencreek,Berks
Marion,Berks
Maxatawny,Berks
Muhlenberg,Berks
North Heidelberg,Berks
Oley,Berks
Ontelaunee,Berks
Penn,Berks
Perry,Berks
Pike,Berks
Richmond,Berks
Robeson,Berks
Rockland,Berks
Ruscombmanor,Berks
South Heidelberg,Berks
Spring,Berks
Tilden,Berks
Tulpehocken,Berks
Union,Berks
Upper Bern,Berks
Upper Tulpehocken,Berks
Washington,Berks
Windsor,Berks
Allegheny,Blair
Antis,Blair
Blair,Blair
Catharine,Blair
Frankstown,Blair
Freedom,Blair
Greenfield,Blair
Huston,Blair
Juniata,Blair
Logan,Blair
North Woodbury,Blair
Snyder,Blair
Taylor,Blair
Tyrone,Blair
Woodbury,Blair
Albany,Bradford
Armenia,Bradford
Asylum,Bradford
Athens,Bradford
Burlington,Bradford
Canton,Bradford
Columbia,Bradford
Franklin,Bradford
Granville,Bradford
Herrick,Bradford
Leroy,Bradford
Litchfield,Bradford
Monroe,Bradford
North Towanda,Bradford
Orwell,Bradford
Overton,Bradford
Pike,Bradford
Ridgebury,Bradford
Rome,Bradford
Sheshequin,Bradford
Smithfield,Bradford
South Creek,Bradford
Springfield,Bradford
Standing Stone,Bradford
Stevens,Bradford
Terry,Bradford
Towanda,Bradford
Troy,Bradford
Tuscarora,Bradford
Ulster,Bradford
Warren,Bradford
Wells,Bradford
West Burlington,Bradford
Wilmot,Bradford
Windham,Bradford
Wyalusing,Bradford
Wysox,Bradford
Bedminster,Bucks
Bensalem,Bucks
Bridgeton,Bucks
Bristol,Bucks
Buckingham,Bucks
Doylestown,Bucks
Durham,Bucks
East Rockhill,Bucks
Falls,Bucks
Haycock,Bucks
Hilltown,Bucks
Lower Makefield,Bucks
Lower Southampton,Bucks
Middletown,Bucks
Milford,Bucks
New Britain,Bucks
Newtown,Bucks
Nockamixon,Bucks
Northampton,Bucks
Plumstead,Bucks
Richland,Bucks
Solebury,Bucks
Springfield,Bucks
Tinicum,Bucks
Upper Makefield,Bucks
Upper Southampton,Bucks
Warminster,Bucks
Warrington,Bucks
Warwick,Bucks
West Rockhill,Bucks
Wrightstown,Bucks
Adams,Butler
Allegheny,Butler
Brady,Butler
Buffalo,Butler
Butler,Butler
Center,Butler
Cherry,Butler
Clay,Butler
Clearfield,Butler
Clinton,Butler
Concord,Butler
Connoquenessing,Butler
Cranberry,Butler
Donegal,Butler
Fairview,Butler
Forward,Butler
Franklin,Butler
Jackson,Butler
Jefferson,Butler
Lancaster,Butler
Marion,Butler
Mercer,Butler
Middlesex,Butler
Muddy Creek,Butler
Oakland,Butler
Parker,Butler
Penn,Butler
Slippery Rock,Butler
Summit,Butler
Venango,Butler
Washington,Butler
Winfield,Butler
Worth,Butler
Adams,Cambria
Allegheny,Cambria
Barr,Cambria
Blacklick,Cambria
Cambria,Cambria
Chest,Cambria
Clearfield,Cambria
Conemaugh,Cambria
Cresson,Cambria
Croyle,Cambria
Dean,Cambria
East Carroll,Cambria
East Taylor,Cambria
Elder,Cambria
Gallitzin,Cambria
Jackson,Cambria
Lower Yoder,Cambria
Middle Taylor,Cambria
Munster,Cambria
Portage,Cambria
Reade,Cambria
Richland,Cambria
Stonycreek,Cambria
Summerhill,Cambria
Susquehanna,Cambria
Upper Yoder,Cambria
Washington,Cambria
West Carroll,Cambria
West Taylor,Cambria
White,Cambria
Gibson,Cameron
Grove,Cameron
Lumber,Cameron
Portage,Cameron
Shippen,Cameron
Banks,Carbon
East Penn,Carbon
Franklin,Carbon
Kidder,Carbon
Lausanne,Carbon
Lehigh,Carbon
Lower Towamensing,Carbon
Mahoning,Carbon
Packer,Carbon
Penn Forest,Carbon
Towamensing,Carbon
Benner,Centre
Boggs,Centre
Burnside,Centre
College,Centre
Curtin,Centre
Ferguson,Centre
Gregg,Centre
Haines,Centre
Halfmoon,Centre
Harris,Centre
Howard,Centre
Huston,Centre
Liberty,Centre
Marion,Centre
Miles,Centre
Patton,Centre
Penn,Centre
Potter,Centre
Rush,Centre
Snow Shoe,Centre
Spring,Centre
Taylor,Centre
Union,Centre
Walker,Centre
Worth,Centre
Birmingham,Chester
Caln,Chester
Charlestown,Chester
East Bradford,Chester
East Brandywine,Chester
East Caln,Chester
East Coventry,Chester
East Fallowfield,Chester
East Goshen,Chester
East Marlborough,Chester
East Nantmeal,Chester
East Nottingham,Chester
East Pikeland,Chester
East Vincent,Chester
East Whiteland,Chester
Easttown,Chester
Elk,Chester
Franklin,Chester
Highland,Chester
Honey Brook,Chester
Kennett,Chester
London Britain,Chester
London Grove,Chester
Londonderry,Chester
Lower Oxford,Chester
New Garden,Chester
New London,Chester
Newlin,Chester
North Coventry,Chester
Penn,Chester
Pennsbury,Chester
Pocopson,Chester
Sadsbury,Chester
Schuylkill,Chester
South Coventry,Chester
Thornbury,Chester
Tredyffrin,Chester
Upper Oxford,Chester
Upper Uwchlan,Chester
Uwchlan,Chester
Valley,Chester
Wallace,Chester
Warwick,Chester
West Bradford,Chester
West Brandywine,Chester
West Caln,Chester
West Fallowfield,Chester
West Goshen,Chester
West Marlborough,Chester
West Nantmeal,Chester
West Nottingham,Chester
West Pikeland,Chester
West Sadsbury,Chester
West Vincent,Chester
West Whiteland,Chester
Westtown,Chester
Willistown,Chester
Ashland,Clarion
Beaver,Clarion
Brady,Clarion
Clarion,Clarion
Elk,Clarion
Farmington,Clarion
Highland,Clarion
Knox,Clarion
Licking,Clarion
Limestone,Clarion
Madison,Clarion
Millcreek,Clarion
Monroe,Clarion
Paint,Clarion
Perry,Clarion
Piney,Clarion
Porter,Clarion
Redbank,Clarion
Richland,Clarion
Salem,Clarion
Toby,Clarion
Washington,Clarion
Beccaria,Clearfield
Bell,Clearfield
Bigler,Clearfield
Bloom,Clearfield
Boggs,Clearfield
Bradford,Clearfield
Brady,Clearfield
Burnside,Clearfield
Chest,Clearfield
Cooper,Clearfield
Covington,Clearfield
Decatur,Clearfield
Ferguson,Clearfield
Girard,Clearfield
Goshen,Clearfield
Graham,Clearfield
Greenwood,Clearfield
Gulich,Clearfield
Huston,Clearfield
Jordan,Clearfield
Karthaus,Clearfield
Knox,Clearfield
Lawrence,Clearfield
Morris,Clearfield
Penn,Clearfield
Pike,Clearfield
Pine,Clearfield
Sandy,Clearfield
Union,Clearfield
Woodward,Clearfield
Allison,Clinton
Bald Eagle,Clinton
Beech Creek,Clinton
Castanea,Clinton
Chapman,Clinton
Colebrook,Clinton
Crawford,Clinton
Dunnstable,Clinton
East Keating,Clinton
Gallagher,Clinton
Greene,Clinton
Grugan,Clinton
Lamar,Clinton
Leidy,Clinton
Logan,Clinton
Noyes,Clinton
Pine Creek,Clinton
Porter,Clinton
Wayne,Clinton
West Keating,Clinton
Woodward,Clinton
Beaver,Columbia
Benton,Columbia
Briar Creek,Columbia
Catawissa,Columbia
Cleveland,Columbia
Conyngham,Columbia
Fishing Creek,Columbia
Franklin,Columbia
Greenwood,Columbia
Hemlock,Columbia
Jackson,Columbia
Locust,Columbia
Madison,Columbia
Main,Columbia
Mifflin,Columbia
Montour,Columbia
Mount Pleasant,Columbia
North Centre,Columbia
Orange,Columbia
Pine,Columbia
Roaring Creek,Columbia
Scott,Columbia
South Centre,Columbia
Sugarloaf,Columbia
Athens,Crawford
Beaver,Crawford
Bloomfield,Crawford
Cambridge,Crawford
Conneaut,Crawford
Cussewago,Crawford
East Fairfield,Crawford
East Fallowfield,Crawford
East Mead,Crawford
Fairfield,Crawford
Greenwood,Crawford
Hayfield,Crawford
North Shenango,Crawford
Oil Creek,Crawford
Pine,Crawford
Randolph,Crawford
Richmond,Crawford
Rockdale,Crawford
Rome,Crawford
Sadsbury,Crawford
South Shenango,Crawford
Sparta,Crawford
Spring,Crawford
Steuben,Crawford
Summerhill,Crawford
Summit,Crawford
Troy,Crawford
Union,Crawford
Venango,Crawford
Vernon,Crawford
Wayne,Crawford
West Fallowfield,Crawford
West Mead,Crawford
West Shenango,Crawford
Woodcock,Crawford
Cooke,Cumberland
Dickinson,Cumberland
East Pennsboro,Cumberland
Hampden,Cumberland
Hopewell,Cumberland
Lower Allen,Cumberland
Lower Frankford,Cumberland
Lower Mifflin,Cumberland
Middlesex,Cumberland
Monroe,Cumberland
North Middleton,Cumberland
North Newton,Cumberland
Penn,Cumberland
Shippensburg,Cumberland
Silver Spring,Cumberland
South Middleton,Cumberland
South Newton,Cumberland
Southampton,Cumberland
Upper Allen,Cumberland
Upper Frankford,Cumberland
Upper Mifflin,Cumberland
West Pennsboro,Cumberland
Conewago,Dauphin
Derry,Dauphin
East Hanover,Dauphin
Halifax,Dauphin
Jackson,Dauphin
Jefferson,Dauphin
Londonderry,Dauphin
Lower Paxton,Dauphin
Lower Swatara,Dauphin
Lykens,Dauphin
Middle Paxton,Dauphin
Mifflin,Dauphin
Reed,Dauphin
Rush,Dauphin
South Hanover,Dauphin
Susquehanna,Dauphin
Swatara,Dauphin
Upper Paxton,Dauphin
Washington,Dauphin
Wayne,Dauphin
West Hanover,Dauphin
Wiconisco,Dauphin
Williams,Dauphin
Aston,Delaware
Bethel,Delaware
Chadds Ford,Delaware
Chester,Delaware
Concord,Delaware
Darby,Delaware
Edgmont,Delaware
Haverford,Delaware
Lower Chichester,Delaware
Marple,Delaware
Middletown,Delaware
Nether Providence,Delaware
Newtown,Delaware
Radnor,Delaware
Ridley,Delaware
Springfield,Delaware
Thornbury,Delaware
Tinicum,Delaware
Upper Chichester,Delaware
Upper Darby,Delaware
Upper Providence,Delaware
Benezette,Elk
Fox,Elk
Highland,Elk
Horton,Elk
Jay,Elk
Jones,Elk
Millstone,Elk
Ridgway,Elk
Spring Creek,Elk
Amity,Erie
Concord,Erie
Conneaut,Erie
Elk Creek,Erie
Fairview,Erie
Franklin,Erie
Girard,Erie
Greene,Erie
Greenfield,Erie
Harborcreek,Erie
Lawrence Park,Erie
LeBoeuf,Erie
McKean,Erie
Millcreek,Erie
North East,Erie
Springfield,Erie
Summit,Erie
Union,Erie
Venango,Erie
Washington,Erie
Waterford,Erie
Wayne,Erie
Brownsville,Fayette
Bullskin,Fayette
Connellsville,Fayette
Dunbar,Fayette
Franklin,Fayette
Georges,Fayette
German,Fayette
Henry Clay,Fayette
Jefferson,Fayette
Lower Tyrone,Fayette
Luzerne,Fayette
Menallen,Fayette
Nicholson,Fayette
North Union,Fayette
Perry,Fayette
Redstone,Fayette
Saltlick,Fayette
South Union,Fayette
Springfield,Fayette
Springhill,Fayette
Stewart,Fayette
Upper Tyrone,Fayette
Washington,Fayette
Wharton,Fayette
Barnett,Forest
Green,Forest
Harmony,Forest
Hickory,Forest
Howe,Forest
Jenks,Forest
Kingsley,Forest
Tionesta,Forest
Antrim,Franklin
Fannett,Franklin
Greene,Franklin
Guilford,Franklin
Hamilton,Franklin
Letterkenny,Franklin
Lurgan,Franklin
Metal,Franklin
Montgomery,Franklin
Peters,Franklin
Quincy,Franklin
Southampton,Franklin
St. Thomas,Franklin
Warren,Franklin
Washington,Franklin
Ayr,Fulton
Belfast,Fulton
Bethel,Fulton
Brush Creek,Fulton
Dublin,Fulton
Licking Creek,Fulton
Taylor,Fulton
Thompson,Fulton
Todd,Fulton
Union,Fulton
Wells,Fulton
Aleppo,Greene
Center,Greene
Cumberland,Greene
Dunkard,Greene
Franklin,Greene
Freeport,Greene
Gilmore,Greene
Gray,Greene
Greene,Greene
Jackson,Greene
Jefferson,Greene
Monongahela,Greene
Morgan,Greene
Morris,Greene
Perry,Greene
Richhill,Greene
Springhill,Greene
Washington,Greene
Wayne,Greene
Whiteley,Greene
Barree,Huntingdon
Brady,Huntingdon
Carbon,Huntingdon
Cass,Huntingdon
Clay,Huntingdon
Cromwell,Huntingdon
Dublin,Huntingdon
Franklin,Huntingdon
Henderson,Huntingdon
Hopewell,Huntingdon
Jackson,Huntingdon
Juniata,Huntingdon
Lincoln,Huntingdon
Logan,Huntingdon
Miller,Huntingdon
Morris,Huntingdon
Oneida,Huntingdon
Penn,Huntingdon
Porter,Huntingdon
Shirley,Huntingdon
Smithfield,Huntingdon
Springfield,Huntingdon
Spruce Creek,Huntingdon
Tell,Huntingdon
Todd,Huntingdon
Union,Huntingdon
Walker,Huntingdon
Warriors Mark,Huntingdon
West,Huntingdon
Wood,Huntingdon
Armstrong,Indiana
Banks,Indiana
Black Lick,Indiana
Brush Valley,Indiana
Buffington,Indiana
Burrell,Indiana
Canoe,Indiana
Center,Indiana
Cherryhill,Indiana
Conemaugh,Indiana
East Mahoning,Indiana
East Wheatfield,Indiana
Grant,Indiana
Green,Indiana
Montgomery,Indiana
North Mahoning,Indiana
Pine,Indiana
Rayne,Indiana
South Mahoning,Indiana
Washington,Indiana
West Mahoning,Indiana
West Wheatfield,Indiana
White,Indiana
Young,Indiana
Barnett,Jefferson
Beaver,Jefferson
Bell,Jefferson
Clover,Jefferson
Eldred,Jefferson
Gaskill,Jefferson
Heath,Jefferson
Henderson,Jefferson
Knox,Jefferson
McCalmont,Jefferson
Oliver,Jefferson
Perry,Jefferson
Pine Creek,Jefferson
Polk,Jefferson
Porter,Jefferson
Ringgold,Jefferson
Rose,Jefferson
Snyder,Jefferson
Union,Jefferson
Warsaw,Jefferson
Washington,Jefferson
Winslow,Jefferson
Young,Jefferson
Beale,Juniata
Delaware,Juniata
Fayette,Juniata
Fermanagh,Juniata
Greenwood,Juniata
Lack,Juniata
Milford,Juniata
Monroe,Juniata
Spruce Hill,Juniata
Susquehanna,Juniata
Turbett,Juniata
Tuscarora,Juniata
Walker,Juniata
Benton,Lackawanna
Carbondale,Lackawanna
Clifton,Lackawanna
Covington,Lackawanna
Elmhurst,Lackawanna
Fell,Lackawanna
Glenburn,Lackawanna
Greenfield,Lackawanna
Jefferson,Lackawanna
La Plume,Lackawanna
Madison,Lackawanna
Newton,Lackawanna
North Abington,Lackawanna
Ransom,Lackawanna
Roaring Brook,Lackawanna
Scott,Lackawanna
South Abington,Lackawanna
Spring Brook,Lackawanna
Thornhurst,Lackawanna
Waverly,Lackawanna
West Abington,Lackawanna
Bart,Lancaster
Brecknock,Lancaster
Caernarvon,Lancaster
Clay,Lancaster
Colerain,Lancaster
Conestoga,Lancaster
Conoy,Lancaster
Drumore,Lancaster
Earl,Lancaster
East Cocalico,Lancaster
East Donegal,Lancaster
East Drumore,Lancaster
East Earl,Lancaster
East Hempfield,Lancaster
East Lampeter,Lancaster
Eden,Lancaster
Elizabeth,Lancaster
Ephrata,Lancaster
Fulton,Lancaster
Lancaster,Lancaster
Leacock,Lancaster
Little Britain,Lancaster
Manheim,Lancaster
Manor,Lancaster
Martic,Lancaster
Mount Joy,Lancaster
Paradise,Lancaster
Penn,Lancaster
Pequea,Lancaster
Providence,Lancaster
Rapho,Lancaster
Sadsbury,Lancaster
Salisbury,Lancaster
Strasburg,Lancaster
Upper Leacock,Lancaster
Warwick,Lancaster
West Cocalico,Lancaster
West Donegal,Lancaster
West Earl,Lancaster
West Hempfield,Lancaster
West Lampeter,Lancaster
Hickory,Lawrence
Little Beaver,Lawrence
Mahoning,Lawrence
Neshannock,Lawrence
North Beaver,Lawrence
Perry,Lawrence
Plain Grove,Lawrence
Pulaski,Lawrence
Scott,Lawrence
Shenango,Lawrence
Slippery Rock,Lawrence
Taylor,Lawrence
Union,Lawrence
Washington,Lawrence
Wayne,Lawrence
Wilmington,Lawrence
Annville,Lebanon
Bethel,Lebanon
Cold Spring,Lebanon
East Hanover,Lebanon
Heidelberg,Lebanon
Jackson,Lebanon
Millcreek,Lebanon
North Annville,Lebanon
North Cornwall,Lebanon
North Lebanon,Lebanon
North Londonderry,Lebanon
South Annville,Lebanon
South Lebanon,Lebanon
South Londonderry,Lebanon
Swatara,Lebanon
Union,Lebanon
West Cornwall,Lebanon
West Lebanon,Lebanon
Hanover,Lehigh
Heidelberg,Lehigh
Lower Macungie,Lehigh
Lower Milford,Lehigh
Lowhill,Lehigh
Lynn,Lehigh
North Whitehall,Lehigh
Salisbury,Lehigh
South Whitehall,Lehigh
Upper Macungie,Lehigh
Upper Milford,Lehigh
Upper Saucon,Lehigh
Washington,Lehigh
Weisenberg,Lehigh
Whitehall,Lehigh
Bear Creek,Luzerne
Black Creek,Luzerne
Buck,Luzerne
Butler,Luzerne
Conyngham,Luzerne
Dallas,Luzerne
Dennison,Luzerne
Dorrance,Luzerne
Exeter,Luzerne
Fairmount,Luzerne
Fairview,Luzerne
Foster,Luzerne
Franklin,Luzerne
Hanover,Luzerne
Hazle,Luzerne
Hollenback,Luzerne
Hunlock,Luzerne
Huntington,Luzerne
Jackson,Luzerne
Jenkins,Luzerne
Kingston,Luzerne
Lake,Luzerne
Lehman,Luzerne
Nescopeck,Luzerne
Newport,Luzerne
Pittston,Luzerne
Plains,Luzerne
Plymouth,Luzerne
Rice,Luzerne
Ross,Luzerne
Salem,Luzerne
Slocum,Luzerne
Sugarloaf,Luzerne
Union,Luzerne
Wilkes-Barre,Luzerne
Wright,Luzerne
Anthony,Lycoming
Armstrong,Lycoming
Bastress,Lycoming
Brady,Lycoming
Brown,Lycoming
Cascade,Lycoming
Clinton,Lycoming
Cogan House,Lycoming
Cummings,Lycoming
Eldred,Lycoming
Fairfield,Lycoming
Franklin,Lycoming
Gamble,Lycoming
Hepburn,Lycoming
Jackson,Lycoming
Jordan,Lycoming
Lewis,Lycoming
Limestone,Lycoming
Loyalsock,Lycoming
Lycoming,Lycoming
McHenry,Lycoming
McIntyre,Lycoming
McNett,Lycoming
Mifflin,Lycoming
Mill Creek,Lycoming
Moreland,Lycoming
Muncy,Lycoming
Muncy Creek,Lycoming
Nippenose,Lycoming
Old Lycoming,Lycoming
Penn,Lycoming
Piatt,Lycoming
Pine,Lycoming
Plunketts Creek,Lycoming
Porter,Lycoming
Shrewsbury,Lycoming
Susquehanna,Lycoming
Upper Fairfield,Lycoming
Washington,Lycoming
Watson,Lycoming
Wolf,Lycoming
Woodward,Lycoming
Annin,McKean
Bradford,McKean
Ceres,McKean
Corydon,McKean
Eldred,McKean
Foster,McKean
Hamilton,McKean
Hamlin,McKean
Keating,McKean
Lafayette,McKean
Liberty,McKean
Norwich,McKean
Otto,McKean
Sergeant,McKean
Wetmore,McKean
Coolspring,Mercer
Deer Creek,Mercer
Delaware,Mercer
East Lackawannock,Mercer
Fairview,Mercer
Findley,Mercer
French Creek,Mercer
Greene,Mercer
Hempfield,Mercer
Jackson,Mercer
Jefferson,Mercer
Lackawannock,Mercer
Lake,Mercer
Liberty,Mercer
Mill Creek,Mercer
New Vernon,Mercer
Otter Creek,Mercer
Perry,Mercer
Pine,Mercer
Pymatuning,Mercer
Salem,Mercer
Sandy Creek,Mercer
Sandy Lake,Mercer
Shenango,Mercer
South Pymatuning,Mercer
Springfield,Mercer
Sugar Grove,Mercer
West Salem,Mercer
Wilmington,Mercer
Wolf Creek,Mercer
Worth,Mercer
Armagh,Mifflin
Bratton,Mifflin
Brown,Mifflin
Decatur,Mifflin
Derry,Mifflin
Granville,Mifflin
Menno,Mifflin
Oliver,Mifflin
Union,Mifflin
Wayne,Mifflin
Barrett,Monroe
Chestnuthill,Monroe
Coolbaugh,Monroe
Eldred,Monroe
Hamilton,Monroe
Jackson,Monroe
Middle Smithfield,Monroe
Paradise,Monroe
Pocono,Monroe
Polk,Monroe
Price,Monroe
Ross,Monroe
Smithfield,Monroe
Stroud,Monroe
Tobyhanna,Monroe
Tunkhannock,Monroe
Abington,Montgomery
Cheltenham,Montgomery
Douglass,Montgomery
East Norriton,Montgomery
Franconia,Montgomery
Hatfield,Montgomery
Horsham,Montgomery
Limerick,Montgomery
Lower Frederick,Montgomery
Lower Gwynedd,Montgomery
Lower Merion,Montgomery
Lower Moreland,Montgomery
Lower Pottsgrove,Montgomery
Lower Providence,Montgomery
Lower Salford,Montgomery
Marlborough,Montgomery
Montgomery,Montgomery
New Hanover,Montgomery
Perkiomen,Montgomery
Plymouth,Montgomery
Salford,Montgomery
Skippack,Montgomery
Springfield,Montgomery
Towamencin,Montgomery
Upper Dublin,Montgomery
Upper Frederick,Montgomery
Upper Gwynedd,Montgomery
Upper Hanover,Montgomery
Upper Merion,Montgomery
Upper Moreland,Montgomery
Upper Pottsgrove,Montgomery
Upper Providence,Montgomery
Upper Salford,Montgomery
West Norriton,Montgomery
West Pottsgrove,Montgomery
Whitemarsh,Montgomery
Whitpain,Montgomery
Worcester,Montgomery
Anthony,Montour
Cooper,Montour
Derry,Montour
Liberty,Montour
Limestone,Montour
Mahoning,Montour
Mayberry,Montour
Valley,Montour
West Hemlock,Montour
Allen,Northampton
Bethlehem,Northampton
Bushkill,Northampton
East Allen,Northampton
Forks,Northampton
Hanover,Northampton
Lehigh,Northampton
Lower Mount Bethel,Northampton
Lower Nazareth,Northampton
Lower Saucon,Northampton
Moore,Northampton
Palmer,Northampton
Plainfield,Northampton
Upper Mount Bethel,Northampton
Upper Nazareth,Northampton
Washington,Northampton
Williams,Northampton
Coal,Northumberland
Delaware,Northumberland
East Cameron,Northumberland
East Chillisquaque,Northumberland
Jackson,Northumberland
Jordan,Northumberland
Lewis,Northumberland
Little Mahanoy,Northumberland
Lower Augusta,Northumberland
Lower Mahanoy,Northumberland
Mount Carmel,Northumberland
Point,Northumberland
Ralpho,Northumberland
Rockefeller,Northumberland
Rush,Northumberland
Shamokin,Northumberland
Turbot,Northumberland
Upper Augusta,Northumberland
Upper Mahanoy,Northumberland
Washington,Northumberland
West Cameron,Northumberland
West Chillisquaque,Northumberland
Zerbe,Northumberland
Buffalo,Perry
Carroll,Perry
Centre,Perry
Greenwood,Perry
Howe,Perry
Jackson,Perry
Juniata,Perry
Liverpool,Perry
Miller,Perry
Northeast Madison,Perry
Oliver,Perry
Penn,Perry
Rye,Perry
Saville,Perry
Southwest Madison,Perry
Spring,Perry
Toboyne,Perry
Tuscarora,Perry
Tyrone,Perry
Watts,Perry
Wheatfield,Perry
Philadelphia,Philadelphia
Blooming Grove,Pike
Delaware,Pike
Dingman,Pike
Greene,Pike
Lackawaxen,Pike
Lehman,Pike
Milford,Pike
Palmyra,Pike
Porter,Pike
Shohola,Pike
Westfall,Pike
Abbott,Potter
Allegany,Potter
Bingham,Potter
Clara,Potter
Eulalia,Potter
Genesee,Potter
Harrison,Potter
Hebron,Potter
Hector,Potter
Homer,Potter
Keating,Potter
Oswayo,Potter
Pike,Potter
Pleasant Valley,Potter
Portage,Potter
Roulette,Potter
Sharon,Potter
Stewardson,Potter
Summit,Potter
Sweden,Potter
Sylvania,Potter
Ulysses,Potter
West Branch,Potter
Wharton,Potter
Barry,Schuylkill
Blythe,Schuylkill
Branch,Schuylkill
Butler,Schuylkill
Cass,Schuylkill
Delano,Schuylkill
East Brunswick,Schuylkill
East Norwegian,Schuylkill
East Union,Schuylkill
Eldred,Schuylkill
Foster,Schuylkill
Frailey,Schuylkill
Hegins,Schuylkill
Hubley,Schuylkill
Kline,Schuylkill
Mahanoy,Schuylkill
New Castle,Schuylkill
North Manheim,Schuylkill
North Union,Schuylkill
Norwegian,Schuylkill
Pine Grove,Schuylkill
Porter,Schuylkill
Reilly,Schuylkill
Rush,Schuylkill
Ryan,Schuylkill
Schuylkill,Schuylkill
South Manheim,Schuylkill
Tremont,Schuylkill
Union,Schuylkill
Upper Mahantongo,Schuylkill
Walker,Schuylkill
Washington,Schuylkill
Wayne,Schuylkill
West Brunswick,Schuylkill
West Mahanoy,Schuylkill
West Penn,Schuylkill
Adams,Snyder
Beaver,Snyder
Center,Snyder
Chapman,Snyder
Franklin,Snyder
Jackson,Snyder
Middlecreek,Snyder
Monroe,Snyder
Penn,Snyder
Perry,Snyder
Spring,Snyder
Union,Snyder
Washington,Snyder
West Beaver,Snyder
West Perry,Snyder
Addison,Somerset
Allegheny,Somerset
Black,Somerset
Brothersvalley,Somerset
Conemaugh,Somerset
Elk Lick,Somerset
Fairhope,Somerset
Greenville,Somerset
Jefferson,Somerset
Jenner,Somerset
Larimer,Somerset
Lincoln,Somerset
Lower Turkeyfoot,Somerset
Middlecreek,Somerset
Milford,Somerset
Northampton,Somerset
Ogle,Somerset
Paint,Somerset
Quemahoning,Somerset
Shade,Somerset
Somerset,Somerset
Southampton,Somerset
Stonycreek,Somerset
Summit,Somerset
Upper Turkeyfoot,Somerset
Cherry,Sullivan
Colley,Sullivan
Davidson,Sullivan
Elkland,Sullivan
Forks,Sullivan
Fox,Sullivan
Hillsgrove,Sullivan
Laporte,Sullivan
Shrewsbury,Sullivan
Apolacon,Susquehanna
Ararat,Susquehanna
Auburn,Susquehanna
Bridgewater,Susquehanna
Brooklyn,Susquehanna
Choconut,Susquehanna
Clifford,Susquehanna
Dimock,Susquehanna
Forest Lake,Susquehanna
Franklin,Susquehanna
Gibson,Susquehanna
Great Bend,Susquehanna
Harford,Susquehanna
Harmony,Susquehanna
Herrick,Susquehanna
Jackson,Susquehanna
Jessup,Susquehanna
Lathrop,Susquehanna
Lenox,Susquehanna
Liberty,Susquehanna
Middletown,Susquehanna
New Milford,Susquehanna
Oakland,Susquehanna
Rush,Susquehanna
Silver Lake,Susquehanna
Springville,Susquehanna
Thompson,Susquehanna
Bloss,Tioga
Brookfield,Tioga
Charleston,Tioga
Chatham,Tioga
Clymer,Tioga
Covington,Tioga
Deerfield,Tioga
Delmar,Tioga
Duncan,Tioga
Elk,Tioga
Farmington,Tioga
Gaines,Tioga
Hamilton,Tioga
Jackson,Tioga
Lawrence,Tioga
Liberty,Tioga
Middlebury,Tioga
Morris,Tioga
Nelson,Tioga
Osceola,Tioga
Putnam,Tioga
Richmond,Tioga
Rutland,Tioga
Shippen,Tioga
Sullivan,Tioga
Tioga,Tioga
Union,Tioga
Ward,Tioga
Westfield,Tioga
Buffalo,Union
East Buffalo,Union
Gregg,Union
Hartley,Union
Kelly,Union
Lewis,Union
Limestone,Union
"Union Township,",Union
West Buffalo,Union
White Deer,Union
Allegheny,Venango
Canal,Venango
Cherrytree,Venango
Clinton,Venango
Cornplanter,Venango
Cranberry,Venango
Frenchcreek,Venango
Irwin,Venango
Jackson,Venango
Mineral,Venango
Oakland,Venango
Oilcreek,Venango
Pinegrove,Venango
Plum,Venango
President,Venango
Richland,Venango
Rockland,Venango
Sandycreek,Venango
Scrubgrass,Venango
Victory,Venango
Brokenstraw,Warren
Cherry Grove,Warren
Columbus,Warren
Conewango,Warren
Deerfield,Warren
Eldred,Warren
Elk,Warren
Farmington,Warren
Freehold,Warren
Glade,Warren
Limestone,Warren
Mead,Warren
Pine Grove,Warren
Pittsfield,Warren
Pleasant,Warren
Sheffield,Warren
Southwest,Warren
Spring Creek,Warren
Sugar Grove,Warren
Triumph,Warren
Watson,Warren
Amwell,Washington
Blaine,Washington
Buffalo,Washington
Canton,Washington
Carroll,Washington
Cecil,Washington
Chartiers,Washington
Cross Creek,Washington
Donegal,Washington
East Bethlehem,Washington
East Finley,Washington
Fallowfield,Washington
Hanover,Washington
Hopewell,Washington
Independence,Washington
Jefferson,Washington
Morris,Washington
Mount Pleasant,Washington
North Bethlehem,Washington
North Franklin,Washington
North Strabane,Washington
Nottingham,Washington
Peters,Washington
Robinson,Washington
Smith,Washington
Somerset,Washington
South Franklin,Washington
South Strabane,Washington
Union,Washington
West Bethlehem,Washington
West Finley,Washington
West Pike Run,Washington
Berlin,Wayne
Buckingham,Wayne
Canaan,Wayne
Cherry Ridge,Wayne
Clinton,Wayne
Damascus,Wayne
Dreher,Wayne
Dyberry,Wayne
Lake,Wayne
Lebanon,Wayne
Lehigh,Wayne
Manchester,Wayne
Mount Pleasant,Wayne
Oregon,Wayne
Palmyra,Wayne
Paupack,Wayne
Preston,Wayne
Salem,Wayne
Scott,Wayne
South Canaan,Wayne
Sterling,Wayne
Texas,Wayne
Allegheny,Westmoreland
Bell,Westmoreland
Cook,Westmoreland
Derry,Westmoreland
Donegal,Westmoreland
East Huntingdon,Westmoreland
Fairfield,Westmoreland
Hempfield,Westmoreland
Ligonier,Westmoreland
Loyalhanna,Westmoreland
Mount Pleasant,Westmoreland
North Huntingdon,Westmoreland
Penn,Westmoreland
Rostraver,Westmoreland
Salem,Westmoreland
Sewickley,Westmoreland
South Huntingdon,Westmoreland
St. Clair,Westmoreland
Unity,Westmoreland
Upper Burrell,Westmoreland
Washington,Westmoreland
Braintrim,Wyoming
Clinton,Wyoming
Eaton,Wyoming
Exeter,Wyoming
Falls,Wyoming
Forkston,Wyoming
Lemon,Wyoming
Mehoopany,Wyoming
Meshoppen,Wyoming
Monroe,Wyoming
Nicholson,Wyoming
North Branch,Wyoming
Northmoreland,Wyoming
Noxen,Wyoming
Overfield,Wyoming
Tunkhannock,Wyoming
Washington,Wyoming
Windham,Wyoming
Carroll,York
Chanceford,York
Codorus,York
Conewago,York
Dover,York
East Hopewell,York
East Manchester,York
Fairview,York
Fawn,York
Franklin,York
Heidelberg,York
Hellam,York
Hopewell,York
Jackson,York
Lower Chanceford,York
Lower Windsor,York
Manchester,York
Manheim,York
Monaghan,York
Newberry,York
North Codorus,York
North Hopewell,York
Paradise,York
Peach Bottom,York
Penn,York
Shrewsbury,York
Spring Garden,York
Springettsbury,York
Springfield,York
Warrington,York
Washington,York
West Manchester,York
West Manheim,York
Windsor,York
York,York